මාධ්ය නිවේදනය අද දින වන කොවිඩ්19 ආසාදිත රෝගීන් 1077 වාර්තා වේ ,  Health  
මොනරාගල දිස්ත්\u200dරික්කයේ පොලිස් ස්ථාන කිහිපයක නිලධාරීන්ට කොරෝනා ,  Health  
 රිෂාඩ් බදියුදීන් කේරළ සබඳතා ඉන්දීය බුද්ධි අංශවලින් අනාවරණයක් ,  Criminal  
ගාල්ල බන්ධනාගාරයට ගුවනින් තහනම් ද්\u200dරව්\u200dය පාර්සලයක් ,  Criminal  
ඊයේ දිනයේ පමනක් කොළඹ ගම්පහ ආසාධිතයින් 500 පනී ,  Health  
 මැයි 01 ක්\u200dරියාත්මක කොවිඩ් මර්දන මාර්ගෝපදේශ ,  Health  
සහරාන්ගේ සොහොයුරාට පුපුරණ ද්\u200dරව්\u200dය සැපයු රාසික් රාසා,  Criminal  
චීන ආරක්ෂක ඇමැති යද්දී හෝන් ගසා විරෝධය පළ කළ තරුණයකු අත්අඩංගුවට, Criminal
 බැංකු බැදුම්කර නඩුව අර්ජුන් මහේන්ද්\u200dරන් නොමැතිව පවත්වාගෙන යාමට නියෝග, State
ශ්\u200dරි ලංකා පොලීසියට අධුනික පොලිස් කොස්තාපල්වරුන් අධුනික කාන්තා පොලිස් කොස්තාපල්වරියන් බඳවා ගැනීමේ ලිඛිත පරීක්ෂණය, State
රටේ පවතින සෞඛ්\u200dය තත්ත්වය ශ්\u200dරි ලංකා විභාග දෙපාර්තමේන්තුව මහජනතාව ලබාදෙන සේවාවන් ක්\u200dරියාත්මක ආකාරය, State
නීති විරෝධී මෙරටට ගෙන බීඩි කොළ තොගයක් 06ක් දැලේ පැටලෙයි, Criminal
ඉල්ලීමක් කළොත් බදියුදීන්ට පාර්ලිමේන්තු එන්න දෙන්න වේත්\u200dරධාරීවරයා යට දන්වයි, Political 
හරීන් ප්\u200dරනාන්දු ජූලි 14 එලියේ, Political
ලංකා ක්\u200dරිකට් කණ්ඩායමේ බංග්ලාදේශ සංචාර කාලසටහන එලිදකී, Sport
ඊයේ දිනයේ පමනක් කොළඹ ගම්පහ ආසාධිතයින් 500 පනී, Health
ජනපති පාර්ලිමේන්තුවට යයි, Political
සුවසැරියට අලුතෙන් ගිලන් රථ 112 ලබාගැනීමට රාජ්\u200dය අමාත්\u200dය සුදර්ශනී ප්\u200dරනාන්දුපුල්ලේ මහත්මිය යෝජනා කර ඇත, State
ජපාන තානාපති විපක්ෂ නායක සජිත් විශේෂ හමුවක්, Political
දීපිකා පදුකොන්ට කොවිඩ් ආසාදනය වෙයි, Health
රුධිරය පරිත්\u200dයාග කරන්නැයි ඉල්ලීමක් – වෛද්\u200dය ලක්ෂ්මන් එදිරිසිංහ, Health
සාරා කෝ සාරාව හංගන්න හදන්නේ එයා මහමොළකරු දන්න නිසාද මුජිබර් රහුමාන් ආණ්ඩුවෙන් අහයි, Political
මාධ්\u200dය නිවේදනය 20210504 වන කොවිඩ්19 ආසාදිත රෝගීන් 1860ක් වාර්තා වේ, Health
අන්තර්ජාලය සංසරණය ඖෂධ වට්ටෝරු භාවිතා නොකරන්න, Health
ස්පුට්නික් ෆයිව් කොරෝනා මර්දන එන්න\u200dතේ පළමු මාත්\u200dරා තොගය දිවයිනට, Health
දිනක් මෙරට හමුවූ වැඩිම ආසාදිතයින් සංඛ්\u200dයාව ඊයේ, Health
දිස්ත්\u200dරික්ක 5ක ප්\u200dරදේශ කිහිපයක් හුදකලා කෙරේ, State
කොවිඩ් වසංගත ආසාදනය වූ ගර්භණී මව්වරුන් 70, Health
මෙරටින් මැයි 2 දින කොවිඩ් 19 ආසාදිතයින් දිස්ත්\u200dරික්ක මට්ටමෙන් වාර්තා වීම, Health
ලෝක මාධ්\u200dය නිදහස් දිනය අගාමාත්\u200dය මහින්ද රාජපක්ෂ මහතාගේ සුභාශිංසන පණිවුඩය, State
දින කොව්ඩ් 19 ප්රතිශක්තිකරණ වැඩසටහනේ ප්රගතිය, Health
විශ්\u200dරාම වැටුප් දෙපාර්තමේන්තුවේ විශ්\u200dරාම වැටුප් සක්\u200dරීය කිරීමේ සම්මුඛ පරීක්ෂණ තාවකාලිකව නතර කෙරේ, State
පුද්ගලයින් ලියාපදිංචි කිරීමේ දෙපාර්තමේන්තුවේ සියලුම මහජන සේවාවන් නැවත දැනුම් දෙන අත්හිටුවයි, State
20210502 මෙරටින් මැයි 1 දින කොවිඩ් 19 ආසාදිතයින් දිස්ත්\u200dරික්ක කිහිපයකින් වාර්තා වීම,Health
අගමැතිතුමාගේ උපදෙස් උපරිම ඵලදායිතාවයක් ඉලක්ක කරගෙන නාගරික සංවර්ධන සැලසුම් රැසක්, State
කොළඹ කළුතර ත්\u200dරිකුණාමලය නුවරඑළිය දිස්ත්\u200dරික්ක වල ග්\u200dරාම නිලධාරී වසම් කිහිපයක් හුදකලා කෙරේ, State
ආණ්ඩුව ජනතාවට ලබා දෙන සහන ඇත්තටම ජනතාවට ලැබෙනව, Political
කොවිඩ් 19 ආසාදිත මරණ 22 වාර්තා වූ තහවුරු කරයි, Health
කොරෝනා ආසාදනය වූ ගර්භනී කාන්තාවන් දෙදෙනෙකුගේ තත්ත්වය බරපතලයි, Health
කුරුණෑගල අම්පාරේ ග්\u200dරාම සේවා වසම් 64ක් හුදෙකලාවෙන් නිදහස්, State
ප්\u200dරදේශ කිහිපයක් අද උදෑසන හුදෙකලා කෙරේ, State
ඊයේ දිනයේ කොරෝනා මරණ 19 , Health
කොරෝනා මරණ 19 වාර්තා වු තහවුරු කරයි, Health
ඊයේ කරාපිටිය රෝහලෙන් කොරෝනා මරණ 07 , Health
20210507 කොවිඩ්19 රෝගය පාලනය ආයුර්වේද රෝහල් පද්ධතිය යොදා ගැනීම කඩිනම් කෙරේ, Health
පේරාදෙණිය විශ්ව විද්\u200dයාලයේ 99 මුහුණු ආවරණයේ අමුද්\u200dරව්\u200dය නිෂ්පාදන ක්\u200dරියාවලිය අමාත්\u200dය ආචාර්ය බන්දුල ගුණවර්ධන මහතාගේ නිරීක්ෂණයට, Political
වනජීවී සංරක්ෂණ දෙපාර්තමේන්තුව පාලනය කරන සංචාරකයන්ට විවෘත ස්ථාන නැවත දැනුම් දෙනතුරු වසා තැබීම, State
නිරෝධායන නීති උල්ලංඝනය කළ 436 අත්අඩංගුවට, Criminal
පාසල් පෙර පාසල් ටියුෂන් විශ්වවිද්\u200dයාල තවදුරටත් වැසේ, State
යුද හමුදාව මඟින් ඉදි කරන ලංකාවේ විශාලතම කොවිඩ් රෝහල, State
මුස්ලිම් පාර්ලිමේන්තු මන්ත්\u200dරීවරුන් කිහිපදෙනෙක් අග්\u200dරාමාත්\u200dයතුමා ඉෆ්තාර් චාරිත්\u200dරය ඉටු කරති, Political
ලංකා ප්\u200dරාචීන භාෂෝපකාර සමාගමේ විභාගයන්හි ප්\u200dරතිඵල නිකුත් කිරීම ලංකා විභාග දෙපාර්තමේන්තුව, State
ලොව කොරෝනා ආසාදිතයන්ගෙන් 46 ඉන්දියාවෙන්, Health
ජනාධිපති දුන් කොමසාරිස් ධූරය නීතිපති එපා කියයි, Political
ගුරු විද්\u200dයාල අවසාන විභාගය 20202021 සෞඛ්\u200dය උපදෙස් දින නියමයක් නොමැතිව කල් දැමේ අධ්\u200dයාපන අමාත්\u200dයාංශය, State
කොවිඩ් 19 අවධානම් අදියර 3 යටතේ පනවා සීමාවන් සංශෝධනය කෙරේ, State
ගෙදරට තරු පහ පෙන්වූ 13ක් මාට්ටු, Criminal
රියාද් හි රඳවා සිටි ලාංකිකයින් පිරිසක් හෙට දිවයිනට, State
මුස්ලිම් පල්ලිවල සිකුරාදා යාඥා මෙහෙයන් තාවකාලිකව අත්හිටුවයි, State
ලබන සඳුදායින් පසුව මංගල උත්සව සියලුම මහජන එක්රැස්වීම් තහනම් වීඩියෝ, State
මාස්ක් දෙකක් පැළදීම සුදුසුද, Health
සාද රැස්වීම් රාත්\u200dරී සමාජශාලා සති දෙකකට තහනම් වෙයි, State
නීති විරෝධී මෙරටට ගෙන බීඩි කොළ තොගයක් 06ක් දැලේ පැටලෙයි, Criminal
නිරෝධායන නීති කැඩූ 264ක් අත්අඩංගුවට, Criminal
රන්ජන් පරණවිතාන දික්වැල්ල කියූ දේ, Political
මංගල සියලු උත්සව අවලංගුයි – යුද හමුදාපති, State
සහරාන් වගේ බෝම්බ ගහනවා ඉන්දියාවේ ඛේදනීය තත්ත්වයට ලංකාවත් පත් කළ යුතුයි සටහනක්\u200c තැබූ තරුණයා අත්අඩංගුවට පාසලේදීත් ජාතිවාදය වපුරලා, Criminal
මැයි 04 වැනිදා විවාහ මංගල්\u200dය සියලු උත්සව පැවැත්වීම දෙසතියකට නතර කෙරේ, State
කාන්තාවකගේ රන්මාලය කඩා ගැනීමට ගිය පුද්ගලයා ගස් බඳි වීඩියෝ, Criminal
රැකියා ජපානයට යෑමට බලාපොරොත්තුවෙන් සිටින තරුණ තරුණියන්ට වැදගත් පණිවුඩයක්, State
ඉල්ලීමක් කළොත් බදියුදීන්ට පාර්ලිමේන්තු එන්න දෙන්න වේත්\u200dරධාරීවරයා යට දන්වයි, Political
ගුවන් තොටුපොළේ සිදුකළ රත්\u200dරං ජාවාරම, Criminal
රෝහලේ කාන්තා මෘත ශරීර දෙකක් මාරුවීමෙන් උණුසුම් තත්ත්වයක්, Health
චීනයේ නිෂ්පාදනය කරන සිනොෆාම් එන්නත ලෝක සෞඛ්\u200dය සංවිධානයේ හදිසි අනුමැතිය, Health
පැය විසිහතරක් ඉන්දියාවේ කොරෝනා මරණ දෙදහසක්, Health
චීනයේ රාජ්\u200dය මන්ත්\u200dරී ආරක්ෂක අමාත්\u200dය ජෙනරාල් වෙයි ෆෙන්ග්හි මහතා ලබන 27 මෙරට නිල සංචාරයක, State
අධ්\u200dයාපනයේ කඩිනම් වෙනසක් හඳුන්වාදෙන ජනපති කියයි, Political
වර්ධනය වෙමින් පවතින 19 වෛරසය පාලනයට සෞඛ්\u200dය අමාත්\u200dයංශයෙන් දැඩි තීන්දු තීරණ රැසක්, Health
යාපනයේ දෙපිරිසක් ගැටේ අයෙක් මරුටපහකට තුවාල, Criminal
විශ්වවිද්\u200dයාල විවෘත කිරීම සති දෙකකින් කල් යයි, State
පුලුස්සා දමා තිබෙන කාන්තා මළ සිරුරක කොටසක් හමුවෙයි, Criminal
අනවසර වැලි ජාවාරම්කරුවන් පිරිසකට වෙඩි ප්\u200dරහාරයක්, Criminal
මුඛ ආවරණ ඇසු නගර සභා සේවකයාට හෝටල් සේවකයෝ ගුටි අනි වීඩියෝ සහිතයි, Criminal
පාස්කු ප්\u200dරහාරයට යුක්තිය ඉල්ලා ප්\u200dරදේශ කිහිපයක විරෝධතා, Criminal
මහජන ආරක්ෂාවට ත්\u200dරිවිධ හමුදාව කැඳවයි, State
ගුවන් පිහිනුම් සූරයාට පරිසර තානාපති ධූරයක්, State
විකිරණශීලී ද්\u200dරව්\u200dය රැගෙන හම්බන්තොට වරායට වූ නෞකාවකට වහාම පිටව ලෙස දැනුම් දීමක්, State
හෙරොයින් ප්\u200dරවාහනය කළ අඹුසැමි යුවළක් අත්අඩංගුවට, Criminal
ඇස්ට්\u200dරාසෙනිකා එන්නත ලබාදුන් පුද්ගලයින් තිදෙනෙක් මියගියා සෞඛ්\u200dය ඇමති, Health
පිරිපහදු නොකරන පොල්තෙල් ආනයනය නතර කෙරේ, State
නැවතත් රන් මාල කඩා ගැනීමේ ප්\u200dරවණතාවක්, Criminal
රිෂාඩ් නිදහස් කරන්නැයි විරෝධතාවක්, Political
පෙර දැනුම් දීම් නෑ… අවශ්\u200dය වූ වහාම ලොක්ඩවුන් කරන්න සූදානම් හමුදාපති, State
බස්නාහිරින් එන අයට නිවේදනයක් 29 2021 0736 කොවිඩ් රෝගය පළාත් දිස්ත්\u200dරික්ක පැතිරීම පාලනය කිරීම අද 29 දහවල් 12 බස්නාහිර පළාතට ඇතුළුවන පිටවන ස්ථාන 12 කදී පුද්ගලයින් විවිධ පරීක්ෂාවන්ට ලක්කිරීමට නියමිතය, State
සනත් ප්\u200dරමුඛ ලංකා ලෙජන්ඩ්ස් පිළ මැයි 04 වැනිදා නැවත පිටියට, Sport
ජපන් ඔළිම්පික් උළෙලේ පන්දම රැගෙන ගිය ලාංකික සිසුවිය, Sport
කොවිඩ් ආසාදිතයින් 1077ක්රෝහල් ගත ආසාදිතයින් ගණන 10000ට ආසන්න වෙයි, Health
කිංස්ලි රත්නායක සිරසෙන් ඉල්ලා අස්වෙයි ජනාධිපති මාධ්\u200dය ප\u200d්\u200dරකාශක ධුරයට, State
ධීවරයින්ට දැනුම් දීමක්, State
බැංකු බැදුම්කර නඩුව අර්ජුන් මහේන්ද්\u200dරන් නොමැතිව පවත්වාගෙන යාමට නියෝග, State
20210429 ශ්\u200dරි ලංකා පොලීසියට අධුනික පොලිස් කොස්තාපල්වරුන් අධුනික කාන්තා පොලිස් කොස්තාපල්වරියන් බඳවා ගැනීමේ ලිඛිත පරීක්ෂණය, State
20210429 රටේ පවතින සෞඛ්\u200dය තත්ත්වය ශ්\u200dරි ලංකා විභාග දෙපාර්තමේන්තුව මහජනතාව ලබාදෙන සේවාවන් ක්\u200dරියාත්මක ආකාරය, State
ආසාදිතයින් සදහා රෝහල්වල ඉඩපහසුකම් නොමැති වුවහොත් හෝටල් කිහිපයක් සකස් කරයි, State
කොටින්ගේ හැඳුනුම්පත්වලින් රට යවා සල්ලි ගරලා, Criminal
අප්\u200dරේල් 23 දා කොවිඩ් 19 ආසාදිත මරණ 04 වාර්තා වූ තහවුරු කරයි, Health
මගී ප්\u200dරවාහන සේවාවල සෞඛ්\u200dය නීති අද දැඩි වෙයි බස් රථවල මගීන් ප්\u200dරවාහනය ආසන ගණනට පමණයි, State
රත්මලානේ ෂේන් 3ක් අත්අඩංගුවට, Criminal
කෝටි ගණනක ඖෂධ රූපලාවන්\u200dය බඩු මුහුදෙන් උතුරට ගෙනත් ඉන්දීය ධීවරයෝ 5 ක්\u200c අත්අඩංගුවට, Criminal
බදියුදීන් ඔහුගේ සොහොයුරා අත්අඩංගුවට, Criminal
විදෙස්ගතව පැමිණෙන පුද්ගලයින් නිරෝධායන කාල සීමාව දීර්ඝ කෙරේ, State
ත්\u200dරිකුණාමලය පැමිණීමෙන් වළකින්නැයි ඉල්ලීමක්, State
රෝහල්ගතව සිටින හරීන් බලන්න සජිත් යයි, Political
ඉන්දියාවේ සමස්ත කොවිඩ් 19 ආසාදිතයින් මිලියන 16, Health
සහරාන්ගේ මාමණ්ඩි 3 පොලිස් ත්\u200dරස්ත ක්\u200dරියා මර්දන කොට්ඨාසය අත්අඩංගුවට, Criminal
බන්ධනාගාර රැදවියන් බැලීම සති දෙකකට අත්හිටුවයි, State
රසායනික පොහොර ගෙන්වීම සම්පූර්ණයෙන් නතර කරනවා ඉහළ අස්වැන්නකට ජීවිත මට වටිනවා ජනපති කියයි, Political
පොලිස් අණ නොතකා ධාවනය කළ ටිපර් රථය ගුරුවරියක් හප්පා පළා යයි, Criminal
මිනිස් පරිභෝජනයට සුදුසු නැති රටඉදි කිලෝග්\u200dරෑම් 1000 අල්ලයි, Criminal
රසායනික පොහොරත් නවතී ජනපතිගෙන් දැඩි තීන්දුවක්, State
වියළි මිදි පවසා ගෙන්වූ බහාලුමක කහ කිලෝ 6885ක්, Criminal
අවුරුද්දට ගමේ ගොස් පැමිණි පානදුර කර්මාන්ත ශාලාවක 29 දෙනෙකුට කොරෝනා, Health
පාකිස්තානයේ චීන තානාපති ඉලක්ක කර බෝම්බ ප්\u200dරහාරයක්, Criminal
පොලිස් නිලධාරියෙකුට තියුණු ආයුධයකින් පහරදී පලාගිය වරෙන්තුකරුවෙකු යළි අත්අඩංගුවට, Criminal
මැයි 4 පැවැත්වෙන 20 තරගයට ක්\u200dරීඩා කරන කණ්ඩායම් දෙකේ නිවේදනය කෙරේ, Sport
උතුරු මුහුදේ පාවෙමින් තිබූ කේරළ ගංජා කිලෝග්රැම් 240 නාවික හමුදා බාරයට, Criminal
නිරෝධායන නීති කැඩූ 617ක් අත්අඩංගුවට, Criminal
කෘති\u200d්\u200dරම පොල් රා නිෂ්පාදනය කළ ස්ථානයක් කොච්චිකඬේදී වටලයි, Criminal
ගරු අග්\u200dරාමාත්\u200dයතුමා චීනයේ ජාතික ආරක්ෂක අමාත්\u200dය ජනරාල් වෙයි ෆෙන්ග් මහතා පැවැති ද්විපාර්ශ්වික සාකච්ඡාවේ දැක්වූ අදහස්, State
හරිත සමාජ ආර්ථික රටාවක් දේශගුණික විපර්යාසය ජයගැනීමට ජනපතිගෙන් තිරසාර සැලසුම්, State
හිටපු ලංකා ක්\u200dරිකට් ක්\u200dරීඩක නුවන් සොයිසාට වසර 6ක ක්\u200dරිකට් තහනමක්, Sport
කඵතර සිරගෙට විසි කළ පාර්සල් දෙකේ කුඩු, Criminal
දක්ෂිණ අධිවේගී මාර්ගයේ සේවකයින් තිදෙනෙකුට කොවිඩ්, Health
චීන ආරක්ෂක ඇමති දිවයිනට පැමිණයි, State
මෙරට පැතිර යන්නේ බ්\u200dරිතාන්\u200dය විකෘති කොවිඩ් ප්\u200dරභේදය, Health
ඊළාම් ටයිගර් නමින් වට්ස්ඇප් ගෲප් එකක් හැදූ අයෙක් මිරිහානේදී දැලේ, Criminal
මාධ්\u200dය නිවේදනය 20210427 දහම් සරසවිය බුද්ධ ධර්ම උසස් ඩිප්ලෝමා උසස් පාඨමාලාව 2021 පළමු වසර අධ්\u200dයයන කටයුතු ආරම්භ කිරීම කල්යයි, State
ලබන සඳුදා බස්නාහිර පළාතේ සියලුම \u200cශ්\u200dරේණි පාසල් ඇරඹේ අධයාපන අමාත්\u200dය ජිඒල්පීරිස් මහතා, State
හය දෙනෙක් එකතුවී දැරියක මරලා, Criminal
පුරන් කුඹුරු අස්වැද්දීමේ ජාතික මෙහෙවර දොම්පෙ ගොවිජන සේවා බල ප්\u200dරදේශයේ පහුරු යාය සංවර්ධන ව්\u200dයාපෘතියේ සමාරම්භය, State
ගාල්ලේ වෙඩි තැබීමක්, Criminal
ක්\u200dරීඩා ඇමති නාමල්ගෙන් ක්\u200dරීඩා ලෝලීන්ට සුබ පණිවිඩයක්, Sport
ලංකාව සම්බන්ධ යෝජනාව ඡන්දයෙන් සම්මත වෙයි, State
නේවි රුවන් ජාවාරම්වලට සහය දුන් පොලිස් කොස්තාපල්වරයෙකු අත්අඩංගුවට, Criminal
අමෙරිකාවේ සුපිරි වෙළෙදසැලකට ප්\u200dරහාරයක් පුද්ගලයින් 10ක් ජිවිතක්ෂයට, Criminal
ඔය ප්\u200dරශ්නය මෝශන් එකක් දාලා උසාවියට ඉදිරිපත් කරන්නකතානායක කියයි, Political
රක්ෂිතයක් හෙළිපෙහෙලි කළ ප්\u200dරාදේශීය සභා මන්ත්\u200dරීවරයෙකු අත්අඩංගුවට, Criminal
පුත්\u200dරයාගේ පහරින් පියා මරුට, Criminal
කොවිඩ් මර්දනයට ඖෂධ පෙත්තක්, Health
අද ආණ්ඩුවට ඩඩ්ලිගෙ හාල් මිලවත් පාලනය කරගන්න බෑ, Political
පැතුම් නිශ්ශංකව කුසල් මෙන්ඩිස් කෙනෙක් කරන්න එපා පුහුණුකරු, Sport
අප්\u200dරේල් 1 රජයේ මිලට සහල් නාඩු 93ට කැකුළු 95ට, State
කැලණිතිස්ස බලාගාරය යළි පණ ගන්වයි, State
සිංහරාජය විනාශය බලන්න මන්ත්\u200dරීවරු 11 රක්වානට, Political
පොල්තෙල් කිලෝ එක්ලක්ෂ 83000 ආපසු හරවන්න රේගුවෙන් නියෝග,State
කුලියාපිටිය පොලිසියේ ජීප් රථයකට ගල් ප්\u200dරහාරයක්, Criminal
මත්ද්\u200dරව්\u200dය කොටු වූ බන්ධනාගාර නියාමකවරයාගේ වැඩ තහනම්, Criminal
ඉහල කොත්මලේ ජලාශයේ කාන්තා මළ සිරුරක්, Criminal
මහජන ආරක්ෂක අමාත්\u200dය රියර් අද්මිරාල් ආචාර්ය සරත් වීරසේකර මහතා චීන සමූහාණ්ඩුවේ ලංකා තානාපති එච් ඊ කුයි ෂෙන්හොන්ග් මහතා හමුවක්, State
ඉන්දියාවෙන් විකෘති වු කොවිඩ් ප්\u200dරභේදයක් සොයාගනී, Health
පාසල් සිසුවියකට මත්පැන් පොවා 20 හැවිරිදි නරුමයෙකු කරපු අපරාධය, Criminal
මන්නාරමේ කරිසල් කැළෑවෙන් නරක් වූ මළසිරුරක්, Criminal
දහම් පාසල් ශ්\u200dරේණි විභාගය අප්\u200dරේල් 04 ඉරිදා ඇරඹෙයි, State
චන්දෙ දීලා කෙලෝගත්තට පස්සේ මෝඩ බයියෝ කියන හිත නිවන කතාව ඔය ඔක්කොම එකයි 48 න් පස්සේ හැමෝම කළේ මිනිස්සු රවට්ටන එක තමයි ටොයියෝ බයියෝ කියල බෙදිලා මරාගෙන වැඩක් අපි හම්බුකලොත් අපි කනවා, Political
බංග්ලාදේශ අග්\u200dරාමාත්\u200dයවරිය ශ්\u200dරී ලංකා අග්\u200dරාමාත්\u200dයතුමා මහත් හරසරින් පිළිගනියි, State
ගෝඨාභය රාජපක්ෂව ගෙදර යවන්නෙත් කාන්තාවෝ, Political
දෙදින රාජ්\u200dයත්\u200dරාන්ත්\u200dරික නිල සංචාරයක් අග්\u200dරාමාත්\u200dයතුමා බංග්ලාදේශය බලා පිටත්ව යයි, State
උත්සව සමයේ ගෑස් මිල ඉහළ දැමීමේ අවශ්\u200dයතාවක් නැහැ ගරු අග්\u200dරාමාත්\u200dය මහින්ද රාජපක්ෂ මහතා, Political
ලංකාවේ සීනි හිඟයක් තිබුණේ නැහැජනතාවගෙන් විශාල ඉල්ලුමක් ආවෙත් නැහැ, Political
ප්\u200dරසිද්ධ ගිණුම් කරමින් දැවැන්ත ප්\u200dරහාරයක් එල්ල කල තරුණයාට වසර 3ක සිර දඬුවම් නියම වෙයි, Criminal
සීනි දැක්කම ඉස්සර මතක් වෙන්නෙ එක්කො කූඹි නැත්තම් අන්දරේව, Political
අවුරුදු 25 තරුණියගේ ගෙල කපා කඳ බෑගයකට දමා කොළඹ රැගෙන දර්ශන, Criminal
ආණ්ඩු පක්ෂයේ රහසක් ෆොන්සේකා හෙළිකරයි, Political
සහරාන්ව හදල තියෙනව වඩල තියෙනව කිරි පොවල තියෙනවා, Political
රාත්තල් වලින් ප්\u200dරශ්න අහද්දි රාත්තල් වලින් උත්තර දෙන්න ඕන ඩල්ස්, Political
පාස්කු වාර්තාව හෙට පාර්ලිමේන්තුවට, State
දුනු විදීමේ ජාතික සංචිතයේ පුහුණු වීම් මහරගම ඉසුර දේවප්\u200dරිය ක්\u200dරීඩාංගණය වෙන් කෙරේ, Sport
ඔබ නිතරම වේලාවක් ඔබගේ මුදල් පසුම්බිය සාක්කුවේ දමාගෙන මත වාඩි වී සිටිනවා එමඟින් ඔබගේ පාදයට ස්නායු තදවීමකට ලක් වී ඔබගේ පාදය ස්ථිර පණ නැති වී යා හැක, Health
නැගෙනහිර පර්යන්තයේ සියලු සංවර්ධන කටයුතු 2023 වර්ෂය විට අවසන් කිරීමට නියමිතයි වරාය නාවික අමාත්\u200dය රෝහිත අභයගුණවර්ධන මහතා, State
කොහෙවත් ඉන්න ගවුම්කාරයෝන්ට උත්තරදෙන්න මම ලෑස්ති හරීන් පලු අරී, Political
මුස්ලිම් ඇමතිවරයෙක් නීතිය හදන්න එකතුකරගෙන රාජපක්ෂවරු අපේ විශ්වාසය කඩකළා, Political
විනය කඩකළා යැයි චෝදනා තිබෙන ක්\u200dරීඩකයන් ක්\u200dරීඩා කමිටුව කියූ කතාව, Sport
ඝාතනය වූ තරුණියගේ විමර්ශනය සිදුවූ ආකාරය පොලිසිය සියල්ල හෙළිකරයි, Criminal
පාකිස්තාන අග්\u200dරාමාත්\u200dය ඉම්රාන් ඛාන් මහතාගේ නිල සංචාරයේ ගරු අග්\u200dරාමාත්\u200dය මහින්ද රාජපක්ෂ මහතාගේ මාධ්\u200dය ප්\u200dරකාශය, State
ගරු අග්\u200dරාමාත්\u200dය මහින්ද රාජපක්ෂ මහතා පාකිස්තාන අග්\u200dරාමාත්\u200dය ඉම්රාන් ඛාන් මහතා ප්\u200dරමුඛ දූත පිරිස ලංකාවට හරසරින් පිළිගනියි, State
අධ්\u200dයාපන සුදුසුකම් සභා ගතකරන්නැයි හරීන්ගෙන් ලංසට අභියෝගයක්, Political
රංජන් ඉල්ලා විපක්ෂයේ මන්ත්\u200dරීවරු පාර්ලිමේන්තුවේ විරෝධතාවයක් කවුද කවුද රංජට බය කුඩ්ඩො තමයි රංජට බය, Political
රංජන් රාමනායකගේ ජීවිත වගකීම බන්ධනාගාර ඇමති භාර ගනී, Political
චමින්ද වාස් අයින් වුණේ නාමල් පාර්ලිමේන්තුවට කරුණු කියයි, Political
අගමැති තුමා කියනවා ඔබතුමාට පිසසු කියලා ඒක ඇත්තද පාම හේෂා ගම්මන්පිලට දාපූ නෝන්ඩිය, Political
\u200dරාමාත්\u200dයතුමාගේ උපදෙස්මත භික්ෂූන්වහන්සේලාට කොවිඩ් එන්නත දීම මහනුවරින් ඇරඹෙයි, Health
අපොස පෙළ විභාග මධ්\u200dයස්ථානයන්හි ඩෙංගු මර්දනයට පියවර, State
අපොස පෙළ විභාගය 2020 2021 මාර්තු හදිසි අවස්ථාවකදී යොදවා ගැනීමට වෛද්\u200dය හෙඳ කාර්ය මණ්ඩලයේ සහය ලබාගැනීම, State
පාස්කු ඉරිදා ප්\u200dරහාරය විමර්ශණ වාර්තාව ජාතික ආරක්ෂාව ආංශික අධීක්ෂණ කාරක සභා වාර්තාව අධ්\u200dයයනයට ජනපතිගෙන් කමිටුවක්, State
අග්\u200dරාමාත්\u200dයතුමා නෝනාගම වෝටර් පාර්ක් ජල උද්\u200dයානය විවෘත කරයි, State
ගාල්ල දිස්ත්\u200dරික් මළල ක්\u200dරීඩා පුහුණුකරුවන් පුහුණු කිරීමේ වැඩසටහන, Sport
2 දිගුව නිරෝගී වීමට සමතුලිත ආහාරයක් ගත යුතු අතර සෑම විටම මාත්\u200dරාවකට ආහාර ගත යුතු වේ සම්පූර්ණයෙන් හිස්ව ආමශයෙන් අඩක් ආහාර ඉතිරි අඩෙන් හරි අඩක් වතුර ඉතිරි ප්\u200dරමාණය හිස්ව තැබිය යුතුය, Health
රුපියල් මිලියන 510ක වටිනාකමින් යුත් ඇස්ට්\u200dරා සෙනිකා එන්නත් ලක්ෂ පහක දෙවැනි එන්නත් තොගය අද දින මෙරටට ලැබී ඇත, Health
විහාර දේවාලගම් පනතට අත තියන්නේ මම එච්චර මෝඩයෙක් නොවේ අලි සබ්රි, Political
මහින්දානන්ද නිදොස් කොට නිදහස්, Political
දෙදින නිල සංචාරයක් දිවයිනට පැමිණි පාකිස්තාන ගරු අග්\u200dරාමාත්\u200dය ඉම්රාන් ඛාන් මහතා ගරු අග්\u200dරාමාත්\u200dය මහින්ද රාජපක්ෂ මහතා එක් වූ එකාබද්ධ මාධ්\u200dය හමුව, State
පාකිස්තානය ශ්\u200dරී ලංකාව අවබෝධතා ගිවිසුම් පහකට අත්සන් තබයි, State
දුමින්ද සිල්වා නිදහස් වෙනවාද නැද්ද ආණ්ඩුවේ මන්ත්\u200dරීවරු දුන්න පිළිතුර, Political
ආණ්ඩුව අත ගහපු හැමදේම අවුල් කරන් තියෙන්නේ, Political
පොලිස් නිලධාරීන්ට කොවිශීල්ඩ් ඔක්ස්ෆර්ඩ් ඇස්ට්\u200dරාසෙනෙකා එන්නත එන්නත් කිරීම නාරාහේන්පිට පිහිටි පොලිස් රෝහලේදී ඊයේ 31 ඇරඹිනි, Health
මියන්මාර් පාලනය හමුදා පාලනය යටතට අවුන් සාන් සුකී හමුදා අත්අඩංගුවට, State
අධ්\u200dයනය වර්ෂය විශ්වවිද්\u200dයාලවලට සිසුන් බඳවාගැනීම සම්බන්ධව දැනුවත් කිරීම විශ්වවිද්\u200dයාල ප්\u200dරතිපාදන කොමිෂන් සභාවේ සභාපති ජ්\u200dයෙෂ්ඨ මහාචාර්ය සම්පත් අමරතුංග මහතා සමඟින්, State
රිෂාඩ් බදියුදීන්ගෙන් මූලික අයිතිවාසිකම් පෙත්සමක්, Political
කොවිඩ් පාලනය නොකළාට බ්\u200dරසීල ජනපතිට එරෙහිව විමර්ශනයක්, State
පාසල් ඉක්මනින් විවෘත කිරීමට කළ යුතු දේ අධ්\u200dයාපන ඇමති කියයි, State
ඔත්තේ ඉරට්ටේ ක්\u200dරමවේදය රැකියාවට පිරිස්වලට බලපාන්නේ නැහැ  හමුදාපති, State
මානුෂීය මෙහෙයුමේ ජයග්\u200dරහණය සැමරුම් දිනය අද 18052021 ගරු අග්\u200dරාමාත්\u200dයතුමා පාර්ලිමේන්තුවේදී සිදුකළ ප්\u200dරකාශය, State
කොරෝනා ආසාදිතව සිටි ප්\u200dරදීප් ගුණවර්ධන අභාවප්\u200dරාප්ත වෙයි, Health
පාර්ලිමේන්තුවේ දෙදෙනෙකුට කොවිඩ් ආසාදනය වී ඇතැයි තහවුරු වෙයි, Health
නිරෝධායන නීති උල්ලංඝනය කළ 262 අත්අඩංගුවට, Criminal
රට සිටින විදේශිකයින්ට සංචරණයට බාධාවක් නැහැ – සංචාරක සංවර්ධන අධිකාරිය, State
විපක්ෂය බලන් ඉන්නේ මරණ වෙනකම් ජයන්ත සමරවීර ආණ්ඩුවෙන් ජනතාවට තියෙන්නේ දේව සාපයක් වගේ දුක විතරයි ආනන්ද ලැනරෝල්, Political
කොරෝනා මරණ 20ක්, Health