කොවිඩ් වසංගත ආසාදනය වූ ගර්භණී මව්වරුන් ,  Health 
මාධ්ය නිවේදනය කොරෝනා මරණ 06 වාර්තා වු තහවුරු කරයි ,  Health 
ගුවන් තොටුපොළේ සිදුකළ රත්\u200dරං ජාවාරම, Criminal
ත්\u200dරිකුණාමලය අධ්\u200dයාපන කලාපයේ පාසල් වසා දමයි, State
කෝටි 07ක අයිස් සිව්දෙනෙකු අත්අඩංගුවට, Criminal
කටුනායක ගුවන් තොටුපල පිටවීමේ ඇතුල්වීමේ ආලින්දයත් අමුත්තන්ට වැසේ, State
මුලතිව් පිපිරීමකින් තරුණයෙකු මරුට අයෙකුට බරපතළයි, Criminal
ඉදිරි සති දෙක සියලු උත්සව තහනම් ජනාධිපති මාධ්\u200dය අංශය, State
20210425 ඉදිරි දෙසතියේ සියලු රාජ්\u200dය පෞද්ගලික උත්සව නවතී, State
දඹුල්ල ආර්ථික මධ්\u200dයස්ථානය අද දින 03 කට වසා දැමේ, State
කොටි බෝම්බ යාපනයෙන් මතු වෙයි, Criminal
කොවිඩ් උවදුර අවසන් විසඳුම එන්නත්කරණය පමණයි ජනපති, Political
අපරාධ ක්\u200dරියාවලට සම්බන්ධ පුද්ගලයන් තුන්දෙනෙකු ගිනි අවියක් අත්අඩංගුවට, Criminal
2025 ලංකා නිදහස් පක්ෂය ප්\u200dරමුඛ ආණ්ඩුවක්, Political
ජීවත් වීමේ අයිතිවාසිකම පිළීගන්නා ආණ්ඩුක්\u200dරම ව්\u200dයවස්තාවක්, Political
යෝජිත දිස්ත්\u200dරික් සභාවලටත් නීති නිර්මාණය කිරීමේ බලය ලබා දෙනවාද, Political
වැඩියෙන්ම රට ඇනගෙන තියෙන්නේ ආචාර්යමහාචාර්යවරුන් ගෙනා යෝජනා වලින, Political
ලංකාවේ භාවිතා කෝවිඩ් එන්නත නිසි ප්\u200dරමිතියක් සහිත ද, Health
ඊයේ නිරෝධායන නීති කඩ කළ 19ක් අත්අඩංගුවට, Criminal
රන්ජන් ඇතුළේ යළි සිංදු කියන්න අරන්, Political
සීමාවෙන් එහා ගිය දේශපාලන හරන රාජ්\u200dය අමාත්\u200dය දයාසිරි ජයසේකර මහතා, Political
පාස්කු ප්\u200dරහාරයට මේ 702ක් අත්අඩංගුවට, Criminal
දිමුත් කරුණාරත්න සිය මංගල ද්විත්ව ශතකය රැස් කරයි, Sport
රිජ්වේ ළමා රෝහලට පැමිණෙන අයට දැනුම්දීමක්, Health
බංග්ලාදේශයට එරෙහිව දිමුත්ගෙන් ශතකයක්, Sport
පළමු වරට කොවිඩ් ආසාදිතයින් දහස ඉක්මවා මෙරටින් වාර්තා වෙයි, Health
මවක් දරුවෙකුට අමානුෂික පහරදෙන වීඩියෝවක්, Criminal
දැඩි සත්කාර ඒකකයේ ඇඳක් නොමැතිව වෛද්\u200dයවරයෙකුගේ කොවිඩ් ආසාදිත සොහොයුරා මියයයි, Health
හරීන් සුවදුක් බලන්න හිටපු අගමැති රෝහලට යති, Political
රේගුවට ජැමෙයිකාවෙන් පැමිණි පෙට්ටියක කොකේන්, Criminal
අත්අඩංගුවට නොගන්නැයි හරීන්ගෙන් පෙත්සමක්, Political
දිවයිනේ සියලුම පාසල් අප්\u200dරේල් 30 වසා තැබීමට කැබිනට් මණ්ඩලය තීරනය කරයි, State
සජිත් තානාපතිවරුන් හමුවෙයි, Political
ඇස්ට්\u200dරාසෙනෙකා එන්නතේ දෙවන මාත්\u200dරාව හෙට, Health
චීන ආරක්\u200dෂක ඇමති අද දිවයිනට, State
ආනයනික අර්තාපල් බදු වැඩිකෙරේ, State
ලංකා ටෙස්ට් සංචිතයේ වෙනසක්, State
බුදු පිළිමයක් සොයා කාමරයක විශාල වලක් හාරලා, Criminal
මුලතිව් වනාන්තරයකින් ආර්පිජි උණ්ඩ තොගයක් සොයාගනියි, Criminal
කැළයක පුළුස්සා දමා තිබූ සිරුරු කොටස් අයත් පුද්ගලයාගේ අනන්\u200dයතාවය හෙළිවෙයි, Criminal
ගම්පහ කළුතර දිස්ත්\u200dරික්කව\u200bල ප්\u200dරදේශ කිහිපයක් හුදෙකලා කෙ\u200bරේ, State
මාධ්\u200dය නිවේදන දිස්ත්\u200dරික් ශාසනාරක්ෂක මණ්ඩල නිලවරණය කල්යයි, State
ලංකා විදේශ සේවා නියුක්ති කාර්යාංශයේ ප්\u200dරධාන කාර්යාලය 27 28 වසා තැබේ, State
මාධ්\u200dය නිවේදනය  ක්\u200dරීඩා පාසල් 2021 වර්ෂයට සිසුන් ඇතුලත් කර ගැනීමේ සම්මුඛ පරීක්ෂණය දින නියමයක් නොමැතිව කල්යයි, State
සංචාරක තහනමක් රටවල් 3කින් ලංකාවට යන්න එපා කියයි, State
මිනුවන්ගොඩ මනුෂ්\u200dය ඝාතනයක්, Criminal
ගුවන් හමුදා 70වන සංවත්සරයට සමගාමීව කැබිතිගොල්ලෑව කණුගහවැව ගම්මානය ප්\u200dරතිසංස්කරණය කිරීමේ වැඩසටහනේ සමාරම්භක උත්සවය, State
කොවිඩ් එන්නත්කරණ වැඩපිළිවෙල කඩිනමින් ආරම්භ කිරීමට ලැබීම සතුටට කරුණක්” සෞඛ්\u200dය අමාත්\u200dය පවිත්\u200dරා වන්නිආරච්චි මහත්මිය පවසයි, Health
හරීන් පාර්ලිමේන්තුවේ ජනාධිපතිගෙන් ඉල්ලූ ඉල්ලීම, Political
විල්පත්තු තීන්දුවට එරෙහිව රිෂාඩ් ශ්\u200dරේෂ්ඨාධිකරණයට, Political
මහනායක හිමියන්ට ගෞරව දක්වන්න විපක්ෂ නායක කළ ඉල්ලීමට කතානායක විරුද්ධ වෙයි, Political
හෙරොයින් කිලෝග්\u200dරෑම් 100ක් සැකකරුවන් 03ක් අත්අඩංගුවට, Criminal
හිරේ දැම්මයි කියලා වන්ෂොට්ගේ කට නවත්තන්න බෑ, Political
මිහිඳු නිවහන නිවාස වැඩසටහන ගරු අග්\u200dරාමාත්\u200dය මහින්ද රාජපක්ෂ මැතිතුමාගේ ප්\u200dරධානත්වයෙන් පෙබරවාරි 07 වැනිදා පෙව 0930 මොණරාගල සියඹලාණ්ඩුව බුද්ධම ඇරඹේ, State
රට ගොඩනගන හොඳ නායකයෙක් එනකන් ආණ්ඩු පෙරළනවා රටේ ජනතාව මහාචාර්ය නන්ද ධර්මරත්න, Political
ලෝක ශූරයාට ඔලිම්පික් අහිමි වෙයි, Sport
අග්\u200dරාමාත්\u200dයතුමාගේ ප්\u200dරධානත්වයෙන් දීඝවාපී චෛත්\u200dයයේ ප්\u200dරතිසංස්කරණ කටයුතු ඇරඹෙයි, State
පුද්ගලයන් ලියාපදිංචි කිරීමේ දෙපාර්තමේන්තුවේ එක් දින සේවාවන් මහජන සේවාවන් නැවත දැනුම් දෙනතුරු තාවකාලිකව අත්හිටුවයි කොමසාරිස් ජනරාල්,State
කහ වලට එකට එකක් හාල් කවලම් කරන ඇඹරුම්හලක් මහනුවරින් වටලයි, Criminal
විස්සයි විස්ස තරඟාවලි ජය පාකිස්තානයට සංචාරක සිම්බාබ්වේ කණ්ඩායම පරදවා දෙවැනි විස්සයි විස්ස තරඟ කඩුලු 8න් ජයගැනීමට සත්කාරක පාකිස්තාන ක්\u200dරිකට් කණ්ඩායම අද 08 සමත් විය විස්තර, Sport
නුවන් සොයිසා වැරදිකරුවෙක් අයිසීසී ලංකා කණ්ඩායමේ හිටපු වේග පන්දු යවන්නෙක් නුවන් සොයිසා ක්\u200dරිකට් දූෂණ සම්බන්ධ වැරදි තුනක් වැරදිකරු ජාත්\u200dයන්තර ක්\u200dරිකට් කවුන්සිලය පවසයි, Sport
ලීගයේ දූෂණ චෝදනා නුවන් සොයිසාට අවිෂ්ක ගුණවර්ධනට ක්\u200dරිකට් තහනමක්,Sport
ලෝකය රටාවෙන් ලංකාව විදිහට අපිට ගැලවීමකුත් වෛද්\u200dය සංගමය කියයි, Health
බැසිල් නැතුව මේක කරන්න බෑ කියනවා බැරි එකාට මොකා ගෙනාවත් බෑ තමයි, Political
බියගම නිදහස් වෙළෙඳ කලාපයෙන් පුද්ගලයන් 06 දෙනෙකුට කෝවිඩ්, Health
නිරෝධායන ඇඳිරි නීතිය ක්\u200dරියාත්මකව වුවද උසස් පෙළ විභාගයට පෙනී සිටින දරුවන්ට විභාගයට බාධාවක් නැහැ  විභාග කොමසාරිස් ජනරාල් බීසනත් පූජිත මහතා, State
හෙට29 මාධ්\u200dයම රාත්\u200dරියේ නොවැම්බර් 02 උදෑසන 5 බස්නාහිර පළාතට නිරෝධායන ඇඳිරිනීතිය පැනවේ, State
කොරෝනා රෝගීන්ට ලබාදීමට ආයුර්වේද සුදර්ශන පැණිය රජයේ රෝහල් වලට, Health